metric,mean,median,std_dev,min,max,count,q1,q3
faithfulness,0.5104166666666666,0.41666666666666663,0.4374291325823487,0.0,1.0,8,0.0625,1.0
answer_relevancy,0.8011831206835305,0.8404955824534303,0.09692018741318852,0.6274242404857888,0.8957997280312803,8,0.7149636323904902,0.8784046050674904
context_recall,0.8333333333333334,1.0,0.3563483225498992,0.0,1.0,8,0.75,1.0
context_precision,0.437499999975,0.249999999975,0.49551560445733117,0.0,0.99999999995,8,0.0,0.99999999995
answer_correctness,0.5312308907671204,0.5959115096426539,0.24626332045554386,0.1582053079604726,0.8146331546246763,8,0.26224243871674024,0.7312744468663932
ragas_score,0.6227328022851302,0.6227328022851302,0.0,0.6227328022851302,0.6227328022851302,1,0.6227328022851302,0.6227328022851302
