item_id,faithfulness,answer_relevancy,context_recall,context_precision,answer_correctness
1,1.0,0.870869586469358,1.0,0.49999999995,0.7368419135268421
2,1.0,0.6274242404857888,1.0,0.99999999995,0.8146331546246763
3,0.25,0.7502686866811522,1.0,0.99999999995,0.4261726483484466
4,0.5,0.847971970648102,0.6666666666666666,0.0,0.6460242987376396
5,0.0,0.8809162779335346,1.0,0.0,0.20759903550617145
6,1.0,0.8330191942587585,1.0,0.99999999995,0.7145720468850463
7,0.3333333333333333,0.8957997280312803,1.0,0.0,0.5457987205476684
8,0.0,0.7031952809602696,0.0,0.0,0.1582053079604726
