item_id,faithfulness,answer_relevancy,context_recall,context_precision,answer_correctness
1,0.2,0.7095464707649294,1.0,0.99999999995,0.95383223792559
2,1.0,0.6878722034059042,1.0,0.99999999995,0.5150302099067872
3,1.0,0.7502686866811522,1.0,0.9999999999666667,0.9491756809422721
