metric,mean,median,std_dev,min,max,count,q1,q3
faithfulness,0.7333333333333334,1.0,0.4618802153517006,0.2,1.0,3,0.2,1.0
answer_relevancy,0.7158957869506619,0.7095464707649294,0.03167910420607536,0.6878722034059042,0.7502686866811522,3,0.6878722034059042,0.7502686866811522
context_recall,1.0,1.0,0.0,1.0,1.0,3,1.0,1.0
context_precision,0.9999999999555556,0.99999999995,9.622505282663354e-12,0.99999999995,0.9999999999666667,3,0.99999999995,0.9999999999666667
answer_correctness,0.8060127095915498,0.9491756809422721,0.2520089923451728,0.5150302099067872,0.95383223792559,3,0.5150302099067872,0.95383223792559
ragas_score,0.8510483659662201,0.8510483659662201,0.0,0.8510483659662201,0.8510483659662201,1,0.8510483659662201,0.8510483659662201
