metric,mean,median,std_dev,min,max,count,q1,q3
answer_relevancy,0.8766367734082798,0.8766367734082798,0.009383618948364586,0.8700015528178207,0.883271993998739,2,0.8700015528178207,0.883271993998739
context_recall,1.0,1.0,0.0,1.0,1.0,2,1.0,1.0
context_precision,0.74999999995,0.74999999995,0.3535533905932738,0.49999999995,0.99999999995,2,0.49999999995,0.99999999995
ragas_score,0.8755455911194266,0.8755455911194266,0.0,0.8755455911194266,0.8755455911194266,1,0.8755455911194266,0.8755455911194266
