metric,mean,median,std_dev,min,max,count,q1,q3
answer_relevancy,0.8829498981719246,0.8829498981719246,0.033246200812404175,0.859441284128784,0.9064585122150653,2,0.859441284128784,0.9064585122150653
context_recall,1.0,1.0,0.0,1.0,1.0,2,1.0,1.0
context_precision,0.49999999995,0.49999999995,0.0,0.49999999995,0.49999999995,2,0.49999999995,0.49999999995
ragas_score,0.7943166327073081,0.7943166327073081,0.0,0.7943166327073081,0.7943166327073081,1,0.7943166327073081,0.7943166327073081
