metric,mean,median,std_dev,min,max,count,q1,q3
answer_relevancy,0.8610849293715772,0.8610849293715772,0.053427512895999514,0.8233059727008842,0.8988638860422702,2,0.8233059727008842,0.8988638860422702
context_recall,1.0,1.0,0.0,1.0,1.0,2,1.0,1.0
context_precision,0.99999999995,0.99999999995,0.0,0.99999999995,0.99999999995,2,0.99999999995,0.99999999995
ragas_score,0.9536949764405257,0.9536949764405257,0.0,0.9536949764405257,0.9536949764405257,1,0.9536949764405257,0.9536949764405257
