metric,mean,median,std_dev,min,max,count,q1,q3
answer_relevancy,0.7821495049030404,0.7821495049030404,0.044214104307276444,0.7508854119232758,0.8134135978828049,2,0.7508854119232758,0.8134135978828049
context_recall,1.0,1.0,0.0,1.0,1.0,2,1.0,1.0
context_precision,0.74999999995,0.74999999995,0.3535533905932738,0.49999999995,0.99999999995,2,0.49999999995,0.99999999995
answer_correctness,0.8180216743485792,0.8180216743485792,0.026633748718170817,0.7991887700215421,0.8368545786756163,2,0.7991887700215421,0.8368545786756163
ragas_score,0.8375427948004048,0.8375427948004048,0.0,0.8375427948004048,0.8375427948004048,1,0.8375427948004048,0.8375427948004048
