item_id,faithfulness,answer_relevancy,context_recall,context_precision,answer_correctness
1,1.0,0.724177706263438,1.0,0.49999999995,0.6324036664970186
2,1.0,0.6558141152962798,1.0,0.9999999999666667,0.7150302099067871
3,1.0,0.7281544994734284,1.0,0.9999999999666667,0.9491756809422721
