metric,mean,median,std_dev,min,max,count,q1,q3
answer_relevancy,0.888230032516443,0.888230032516443,0.02577896321123435,0.8700015528178207,0.9064585122150653,2,0.8700015528178207,0.9064585122150653
context_recall,0.75,0.75,0.3535533905932738,0.5,1.0,2,0.5,1.0
context_precision,0.74999999995,0.74999999995,0.3535533905932738,0.49999999995,0.99999999995,2,0.49999999995,0.99999999995
ragas_score,0.7960766774888143,0.7960766774888143,0.0,0.7960766774888143,0.7960766774888143,1,0.7960766774888143,0.7960766774888143
