metric,mean,median,std_dev,min,max,count,q1,q3
faithfulness,1.0,1.0,0.0,1.0,1.0,3,1.0,1.0
answer_relevancy,0.702715440344382,0.724177706263438,0.040666379719733685,0.6558141152962798,0.7281544994734284,3,0.6558141152962798,0.7281544994734284
context_recall,1.0,1.0,0.0,1.0,1.0,3,1.0,1.0
context_precision,0.8333333332944445,0.9999999999666667,0.2886751346044354,0.49999999995,0.9999999999666667,3,0.49999999995,0.9999999999666667
answer_correctness,0.7655365191153592,0.7150302099067871,0.16431461510264356,0.6324036664970186,0.9491756809422721,3,0.6324036664970186,0.9491756809422721
ragas_score,0.8603170585508373,0.8603170585508373,0.0,0.8603170585508373,0.8603170585508373,1,0.8603170585508373,0.8603170585508373
