item_id,faithfulness,answer_relevancy,context_recall,context_precision,answer_correctness
1,1.0,0.6898919869579764,1.0,0.99999999995,0.70383223792559
2,1.0,0.6755083054475834,1.0,0.9999999999666667,0.7150302099067871
3,0.6666666666666666,0.7312657184063145,1.0,0.9999999999666667,0.9491756809422721
