metric,mean,median,std_dev,min,max,count,q1,q3
answer_relevancy,0.888230032516443,0.888230032516443,0.02577896321123435,0.8700015528178207,0.9064585122150653,2,0.8700015528178207,0.9064585122150653
context_recall,1.0,1.0,0.0,1.0,1.0,2,1.0,1.0
context_precision,0.49999999995,0.49999999995,0.0,0.49999999995,0.49999999995,2,0.49999999995,0.49999999995
answer_correctness,0.9086821288160862,0.9086821288160862,0.09837736860934984,0.8391188243571264,0.9782454332750461,2,0.8391188243571264,0.9782454332750461
ragas_score,0.8242280403206323,0.8242280403206323,0.0,0.8242280403206323,0.8242280403206323,1,0.8242280403206323,0.8242280403206323
