item_id,faithfulness,answer_relevancy,context_recall,context_precision,answer_correctness
1,0.2,0.8701633007003097,1.0,0.49999999995,0.8368419135268422
2,0.2,0.7388881514165634,1.0,0.99999999995,0.9491756809422721
