metric,mean,median,std_dev,min,max,count,q1,q3
faithfulness,1.0,1.0,0.0,1.0,1.0,3,1.0,1.0
answer_relevancy,0.6981311264593788,0.7459378641476686,0.08658138379297094,0.5981868285493156,0.7502686866811522,3,0.5981868285493156,0.7502686866811522
context_recall,1.0,1.0,0.0,1.0,1.0,3,1.0,1.0
context_precision,0.861111111073611,0.99999999995,0.24056261215512723,0.5833333333041666,0.9999999999666667,3,0.5833333333041666,0.9999999999666667
answer_correctness,0.42973529694968643,0.5150302099067872,0.20114242885185313,0.2,0.5741756809422721,3,0.2,0.5741756809422721
ragas_score,0.7977955068965352,0.7977955068965352,0.0,0.7977955068965352,0.7977955068965352,1,0.7977955068965352,0.7977955068965352
