metric,mean,median,std_dev,min,max,count,q1,q3
answer_relevancy,0.8713566390637615,0.8713566390637615,0.01685085654953441,0.859441284128784,0.883271993998739,2,0.859441284128784,0.883271993998739
context_recall,1.0,1.0,0.0,1.0,1.0,2,1.0,1.0
context_precision,0.49999999995,0.49999999995,0.0,0.49999999995,0.49999999995,2,0.49999999995,0.49999999995
ragas_score,0.7904522130045871,0.7904522130045871,0.0,0.7904522130045871,0.7904522130045871,1,0.7904522130045871,0.7904522130045871
