item_id,faithfulness,answer_relevancy,context_recall,context_precision,answer_correctness
1,1.0,0.7193678260142047,1.0,0.49999999995,0.6324036664970186
2,1.0,0.6329497312765165,1.0,0.9999999999666667,0.5150302099067872
3,1.0,0.7395349780570394,0.5,0.5833333333041666,0.9491756809422721
