metric,mean,median,std_dev,min,max,count,q1,q3
faithfulness,1.0,1.0,0.0,1.0,1.0,3,1.0,1.0
answer_relevancy,0.6972841784492535,0.7193678260142047,0.056620396723671654,0.6329497312765165,0.7395349780570394,3,0.6329497312765165,0.7395349780570394
context_recall,0.8333333333333334,1.0,0.28867513459481287,0.5,1.0,3,0.5,1.0
context_precision,0.6944444444069444,0.5833333333041666,0.26787918781054465,0.49999999995,0.9999999999666667,3,0.49999999995,0.9999999999666667
answer_correctness,0.6988698524486926,0.6324036664970186,0.22457490490118806,0.5150302099067872,0.9491756809422721,3,0.5150302099067872,0.9491756809422721
ragas_score,0.7847863617276448,0.7847863617276448,0.0,0.7847863617276448,0.7847863617276448,1,0.7847863617276448,0.7847863617276448
