metric,mean,median,std_dev,min,max,count,q1,q3
faithfulness,0.3,0.2,0.17320508075688773,0.2,0.5,3,0.2,0.5
answer_relevancy,0.8565321392487023,0.8519524175502435,0.04150140254652695,0.8175105485959283,0.900133451599935,3,0.8175105485959283,0.900133451599935
context_recall,1.0,1.0,0.0,1.0,1.0,3,1.0,1.0
context_precision,0.6666666666166666,0.49999999995,0.28867513459481287,0.49999999995,0.99999999995,3,0.49999999995,0.99999999995
answer_correctness,0.2,0.2,0.0,0.2,0.2,3,0.2,0.2
ragas_score,0.6046397611730738,0.6046397611730738,0.0,0.6046397611730738,0.6046397611730738,1,0.6046397611730738,0.6046397611730738
