metric,mean,median,std_dev,min,max,count,q1,q3
faithfulness,0.2,0.2,0.0,0.2,0.2,2,0.2,0.2
answer_relevancy,0.8045257260584365,0.8045257260584365,0.09282554825981335,0.7388881514165634,0.8701633007003097,2,0.7388881514165634,0.8701633007003097
context_recall,1.0,1.0,0.0,1.0,1.0,2,1.0,1.0
context_precision,0.74999999995,0.74999999995,0.3535533905932738,0.49999999995,0.99999999995,2,0.49999999995,0.99999999995
answer_correctness,0.8930087972345572,0.8930087972345572,0.0794319686956829,0.8368419135268422,0.9491756809422721,2,0.8368419135268422,0.9491756809422721
ragas_score,0.7295069046485987,0.7295069046485987,0.0,0.7295069046485987,0.7295069046485987,1,0.7295069046485987,0.7295069046485987
