item_id,faithfulness,answer_relevancy,context_recall,context_precision,answer_correctness
1,,0.8988638860422702,1.0,0.99999999995,0.8391188243571264
2,,0.859441284128784,0.5,0.49999999995,0.7282454332750461
