item_id,faithfulness,answer_relevancy,context_recall,context_precision,answer_correctness
1,,0.8134135978828049,1.0,0.49999999995,0.8368545786756163
2,,0.7508854119232758,1.0,0.99999999995,0.7991887700215421
