metric,mean,median,std_dev,min,max,count,q1,q3
faithfulness,0.75,0.75,0.3535533905932738,0.5,1.0,2,0.5,1.0
answer_relevancy,0.9248529369158243,0.9248529369158243,0.10309690319084673,0.8519524175502435,0.997753456281405,2,0.8519524175502435,0.997753456281405
context_recall,0.5,0.5,0.7071067811865476,0.0,1.0,2,0.0,1.0
context_precision,0.49999999995,0.49999999995,0.0,0.49999999995,0.49999999995,2,0.49999999995,0.49999999995
ragas_score,0.6687132342164561,0.6687132342164561,0.0,0.6687132342164561,0.6687132342164561,1,0.6687132342164561,0.6687132342164561
