metric,mean,median,std_dev,min,max,count,q1,q3
answer_relevancy,0.8791525850855271,0.8791525850855271,0.02787598914504388,0.859441284128784,0.8988638860422702,2,0.859441284128784,0.8988638860422702
context_recall,0.75,0.75,0.3535533905932738,0.5,1.0,2,0.5,1.0
context_precision,0.74999999995,0.74999999995,0.3535533905932738,0.49999999995,0.99999999995,2,0.49999999995,0.99999999995
answer_correctness,0.7836821288160862,0.7836821288160862,0.07839932668728705,0.7282454332750461,0.8391188243571264,2,0.7282454332750461,0.8391188243571264
ragas_score,0.7907086784629034,0.7907086784629034,0.0,0.7907086784629034,0.7907086784629034,1,0.7907086784629034,0.7907086784629034
