metric,mean,median,std_dev,min,max,count,q1,q3
answer_relevancy,0.8805853333083506,0.8805853333083506,0.03659020051158142,0.854712154401636,0.9064585122150653,2,0.854712154401636,0.9064585122150653
context_recall,1.0,1.0,0.0,1.0,1.0,2,1.0,1.0
context_precision,0.99999999995,0.99999999995,0.0,0.99999999995,0.99999999995,2,0.99999999995,0.99999999995
answer_correctness,0.8586821288160862,0.8586821288160862,0.16908804672800465,0.7391188243571263,0.9782454332750461,2,0.7391188243571263,0.9782454332750461
ragas_score,0.9348168655186092,0.9348168655186092,0.0,0.9348168655186092,0.9348168655186092,1,0.9348168655186092,0.9348168655186092
