metric,mean,median,std_dev,min,max,count,q1,q3
faithfulness,0.8888888888888888,1.0,0.1924500897298753,0.6666666666666666,1.0,3,0.6666666666666666,1.0
answer_relevancy,0.6988886702706247,0.6898919869579764,0.028946977526741573,0.6755083054475834,0.7312657184063145,3,0.6755083054475834,0.7312657184063145
context_recall,1.0,1.0,0.0,1.0,1.0,3,1.0,1.0
context_precision,0.9999999999611111,0.9999999999666667,9.622505282663354e-12,0.99999999995,0.9999999999666667,3,0.99999999995,0.9999999999666667
answer_correctness,0.7893460429248831,0.7150302099067871,0.13852972076670092,0.70383223792559,0.9491756809422721,3,0.70383223792559,0.9491756809422721
ragas_score,0.8754247204091016,0.8754247204091016,0.0,0.8754247204091016,0.8754247204091016,1,0.8754247204091016,0.8754247204091016
