item_id,faithfulness,answer_relevancy,context_recall,context_precision,answer_correctness
1,1.0,0.7459378641476686,1.0,0.99999999995,0.2
2,1.0,0.5981868285493156,1.0,0.9999999999666667,0.5150302099067872
3,1.0,0.7502686866811522,1.0,0.5833333333041666,0.5741756809422721
