metric,mean,median,std_dev,min,max,count,q1,q3
faithfulness,0.8333333333333334,0.8333333333333334,0.0,0.8333333333333334,0.8333333333333334,1,0.8333333333333334,0.8333333333333334
answer_relevancy,0.7275874172212188,0.7275874172212188,0.0,0.7275874172212188,0.7275874172212188,1,0.7275874172212188,0.7275874172212188
context_recall,1.0,1.0,0.0,1.0,1.0,1,1.0,1.0
context_precision,0.6666666666166666,0.6666666666166666,0.0,0.6666666666166666,0.6666666666166666,1,0.6666666666166666,0.6666666666166666
answer_correctness,0.682203185782026,0.682203185782026,0.0,0.682203185782026,0.682203185782026,1,0.682203185782026,0.682203185782026
ragas_score,0.781958120590649,0.781958120590649,0.0,0.781958120590649,0.781958120590649,1,0.781958120590649,0.781958120590649
